Date,MarketCap,Volume,Price,,
2025-04-15,"$54,246,366","$521,719",0.652982,,
2025-04-14,"$52,669,948","$475,309",0.6409545,,
2025-04-13,"$56,218,174","$686,531",0.652466,,
2025-04-12,"$52,727,669","$740,787",0.652972,,
2025-04-11,"$49,534,093","$535,596",0.6132525,,
2025-04-10,"$52,217,645","$1,364,295",0.609987,,
2025-04-09,"$44,661,402","$697,579",0.581056,,
2025-04-08,"$47,443,409","$1,190,680",0.5525225,,
2025-04-07,"$46,867,198","$1,081,616",0.56562,,
2025-04-06,"$49,885,637","$338,403",0.580774,,
2025-04-05,"$51,252,822","$784,276",0.6073915,,
2025-04-04,"$51,277,580","$755,694",0.613769,,
2025-04-03,"$50,231,867","$873,545",0.6069335,,
2025-04-02,"$53,649,866","$480,898",0.6227575,,
2025-04-01,"$53,496,637","$1,117,555",0.642753,,
2025-03-31,"$56,763,921","$5,110,497",0.6608985,,
2025-03-30,"$51,403,443","$1,006,753",0.648382,,
2025-03-29,"$52,408,014","$734,059",0.6227115,,
2025-03-28,"$58,828,664","$556,465",0.666971,,
2025-03-27,"$59,990,089","$704,370",0.712454,,
2025-03-26,"$62,698,097","$683,492",0.736081,,
2025-03-25,"$62,589,241","$1,262,809",0.7515975,,
2025-03-24,"$54,903,119","$487,720",0.703693,,
2025-03-23,"$55,100,212","$533,422",0.6584365,,
2025-03-22,"$57,315,771","$1,479,340",0.673576,,
2025-03-21,"$60,618,234","$743,624",0.706536,,
2025-03-20,"$63,543,784","$903,583",0.7441305,,
2025-03-19,"$62,458,924","$618,311",0.7558315,,
2025-03-18,"$64,295,212","$813,729",0.760332,,
2025-03-17,"$60,637,640","$708,308",0.7499365,,
2025-03-16,"$69,244,136","$421,257",0.7793685,,
2025-03-15,"$66,731,270","$963,832",0.8155195,,
2025-03-14,"$67,987,218","$873,782",0.8080535,,
2025-03-13,"$67,442,115","$1,793,465",0.8121515,,
2025-03-12,"$63,639,674","$2,017,716",0.785757,,
2025-03-11,"$62,252,904","$1,347,904",0.7543085,,
2025-03-10,"$71,161,912","$823,614",0.79929,,
2025-03-09,"$82,886,361","$435,659",0.922765,,
2025-03-08,"$84,564,962","$805,444",1.003558,,
2025-03-07,"$87,378,984","$1,400,426",1.0315,,
2025-03-06,"$92,527,299","$1,003,952",1.0795,,
2025-03-05,"$90,383,373","$1,301,473",1.097,,
2025-03-04,"$88,924,002","$1,887,285",1.0745,,
2025-03-03,"$110,337,213","$2,591,879",1.1925,,
2025-03-02,"$90,506,854","$582,117",1.2025,,
2025-03-01,"$93,140,416","$1,809,436",1.1025,,
2025-02-28,"$91,847,385","$796,228",1.11,,
2025-02-27,"$91,952,378","$1,224,585",1.1,,
2025-02-26,"$94,136,059","$4,115,977",1.115,,
2025-02-25,"$94,737,307","$2,540,069",1.13,,
2025-02-24,"$116,168,555","$573,109",1.26,,
2025-02-23,"$117,072,457","$572,411",1.395,,
2025-02-22,"$116,362,061","$930,597",1.4,,
2025-02-21,"$125,068,395","$1,528,237",1.45,,
2025-02-20,"$116,713,017","$1,000,573",1.45,,
2025-02-19,"$112,871,354","$3,693,193",1.375,,
2025-02-18,"$123,949,335","$5,035,607",1.415,,
2025-02-17,"$117,974,326","$813,703",1.445,,
2025-02-16,"$118,459,909","$886,630",1.415,,
2025-02-15,"$122,338,968","$1,414,535",1.445,,
2025-02-14,"$125,393,257","$1,371,252",1.485,,
2025-02-13,"$131,451,913","$1,517,810",1.535,,
2025-02-12,"$135,458,146","$1,875,784",1.595,,
2025-02-11,"$135,290,938","$1,631,887",1.62,,
2025-02-10,"$136,643,262","$1,306,955",1.63,,
2025-02-09,"$135,976,551","$1,252,315",1.635,,
2025-02-08,"$131,678,976","$1,600,956",1.605,,
2025-02-07,"$139,477,483","$2,186,103",1.625,,
2025-02-06,"$154,904,452","$2,368,314",1.765,,
2025-02-05,"$169,180,391","$3,561,977",1.945,,
2025-02-04,"$163,904,632","$7,816,359",2,,
2025-02-03,"$128,919,278","$4,820,119",1.76,,
2025-02-02,"$151,416,135","$2,007,062",1.68,,
2025-02-01,"$166,955,679","$1,516,998",1.905,,
2025-01-31,"$181,763,819","$1,916,348",2.09,,
2025-01-30,"$179,829,898","$4,492,694",2.17,,
2025-01-29,"$185,883,481","$3,712,817",2.195,,
2025-01-28,"$182,115,004","$6,095,583",2.205,,
2025-01-27,"$203,005,352","$2,627,607",2.305,,
2025-01-26,"$197,900,377","$1,953,647",2.4,,
2025-01-25,"$208,141,805","$2,004,706",2.43,,
2025-01-24,"$206,513,068","$4,134,301",2.485,,
2025-01-23,"$212,834,390","$3,069,521",2.515,,
2025-01-22,"$225,001,264","$3,596,062",2.625,,
2025-01-21,"$213,591,006","$6,252,002",2.635,,
2025-01-20,"$218,046,478","$9,314,545",2.59,,
2025-01-19,"$243,078,529","$8,533,883",2.765,,
2025-01-18,"$230,553,306","$4,639,351",2.84,,
2025-01-17,"$231,562,730","$5,733,341",2.77,,
2025-01-16,"$246,261,958","$3,398,591",2.865,,
2025-01-15,"$239,648,419","$2,554,658",2.91,,
2025-01-14,"$235,640,463","$3,915,481",2.85,,
2025-01-13,"$238,193,020","$1,211,466",2.845,,
2025-01-12,"$244,130,463","$1,698,747",2.895,,
2025-01-11,"$237,143,749","$2,731,535",2.885,,
2025-01-10,"$239,788,016","$3,063,473",2.855,,
2025-01-09,"$265,201,800","$3,201,237",3.025,,
2025-01-08,"$266,768,669","$3,278,244",3.19,,
2025-01-07,"$300,409,030","$3,881,587",3.4,,
2025-01-06,"$303,971,779","$3,064,336",3.62,,
2025-01-05,"$325,986,488","$9,242,564",3.775,,
2025-01-04,"$285,309,854","$3,979,382",3.665,,
2025-01-03,"$254,221,984","$6,112,162",3.235,,
2025-01-02,"$213,668,737","$2,336,681",2.805,,
2025-01-01,"$188,570,197","$3,392,232",2.41,,
2024-12-31,"$202,449,141","$2,861,525",2.345,,
2024-12-30,"$214,606,719","$1,504,375",2.5,,
2024-12-29,"$226,451,698","$1,560,205",2.64,,
2024-12-28,"$217,236,186","$2,742,817",2.655,,
2024-12-27,"$234,091,952","$2,022,093",2.7,,
2024-12-26,"$248,487,120","$1,688,538",2.89,,
2024-12-25,"$245,210,152","$3,903,805",2.96,,
2024-12-24,"$251,277,833","$3,109,831",2.975,,
2024-12-23,"$218,661,385","$3,087,193",2.815,,
2024-12-22,"$224,908,374","$5,386,650",2.66,,
2024-12-21,"$246,749,400","$6,767,348",2.83,,
2024-12-20,"$250,678,269","$8,729,867",2.985,,
2024-12-19,"$293,174,041","$5,360,548",3.265,,
2024-12-18,"$334,318,061","$4,167,280",3.76,,
2024-12-17,"$333,611,434","$5,600,519",3.975,,
2024-12-16,"$338,298,930","$2,957,967",4,,
2024-12-15,"$334,102,953","$3,449,271",4.025,,
2024-12-14,"$334,837,888","$3,273,582",4.01,,
2024-12-13,"$338,745,307","$4,881,476",4.04,,
2024-12-12,"$327,639,900","$5,759,198",3.995,,
2024-12-11,"$308,695,267","$5,781,310",3.815,,
2024-12-10,"$320,951,588","$11,897,384",3.775,,
2024-12-09,"$341,543,328","$3,878,740",3.97,,
2024-12-08,"$321,400,316","$4,176,618",3.97,,
2024-12-07,"$336,232,420","$7,330,488",3.94,,
2024-12-06,"$299,791,556","$8,627,679",3.81,,
2024-12-05,"$300,534,305","$5,900,254",3.6,,
2024-12-04,"$307,728,342","$8,607,048",3.65,,
2024-12-03,"$310,408,585","$7,529,578",3.705,,
2024-12-02,"$345,887,562","$8,365,279",3.935,,
2024-12-01,"$314,439,889","$6,426,456",3.96,,
2024-11-30,"$280,214,862","$5,182,462",3.565,,
2024-11-29,"$272,686,557","$2,893,667",3.32,,
2024-11-28,"$291,943,313","$5,215,234",3.39,,
2024-11-27,"$259,280,700","$2,411,435",3.305,,
2024-11-26,"$261,628,618","$5,785,750",3.125,,
2024-11-25,"$269,787,383","$3,326,532",3.185,,
2024-11-24,"$260,958,315","$3,470,424",3.18,,
2024-11-23,"$255,288,870","$3,674,009",3.095,,
2024-11-22,"$279,994,870","$4,877,807",3.21,,
2024-11-21,"$254,760,325","$3,407,170",3.205,,
2024-11-20,"$274,714,620","$5,280,509",3.175,,
2024-11-19,"$286,642,038","$5,020,314",3.375,,
2024-11-18,"$260,739,723","$3,862,718",3.29,,
2024-11-17,"$252,313,724","$4,152,602",3.08,,
2024-11-16,"$275,170,011","$2,989,819",3.17,,
2024-11-15,"$264,237,656","$4,568,606",3.265,,
2024-11-14,"$307,663,825","$5,266,251",3.455,,
2024-11-13,"$328,038,867","$6,736,884",3.805,,
2024-11-12,"$328,002,716","$5,893,297",3.93,,
2024-11-11,"$288,808,696","$5,299,626",3.7,,
2024-11-10,"$273,490,623","$3,528,621",3.365,,
2024-11-09,"$286,963,270","$3,545,685",3.355,,
2024-11-08,"$289,957,919","$3,658,035",3.46,,
2024-11-07,"$291,297,062","$8,346,550",3.49,,
2024-11-06,"$273,319,661","$4,547,953",3.39,,
2024-11-05,"$262,791,293","$6,239,393",3.215,,
2024-11-04,"$235,295,559","$1,571,274",2.985,,
2024-11-03,"$248,675,125","$2,796,790",2.9,,
2024-11-02,"$258,739,377","$2,535,511",3.04,,
2024-11-01,"$258,577,837","$4,340,131",3.1,,
2024-10-31,"$296,871,190","$5,988,503",3.325,,
2024-10-30,"$300,191,228","$6,133,492",3.57,,
2024-10-29,"$327,446,422","$7,630,478",3.76,,
2024-10-28,"$324,138,612","$21,617,469",3.91,,
2024-10-27,"$301,451,569","$10,975,251",3.755,,
2024-10-26,"$240,137,328","$12,638,181",3.255,,
2024-10-25,"$219,294,916","$5,535,242",2.76,,
2024-10-24,"$167,803,184","$1,227,040",2.32,,
2024-10-23,"$179,126,557","$1,524,624",2.08,,
2024-10-22,"$185,813,482","$2,538,363",2.19,,
2024-10-21,"$193,664,005","$6,960,934",2.275,,
2024-10-20,"$186,006,097","$4,266,751",2.275,,
2024-10-19,"$142,154,098","$683,914",1.965,,
2024-10-18,"$141,175,778","$738,065",1.695,,
2024-10-17,"$150,777,868","$1,012,555",1.75,,
2024-10-16,"$143,605,779","$1,378,441",1.765,,
2024-10-15,"$144,383,501","$1,662,427",1.725,,
2024-10-14,"$128,980,552","$1,035,974",1.64,,
2024-10-13,"$133,452,742","$1,146,747",1.575,,
2024-10-12,"$133,676,131","$1,295,566",1.6,,
2024-10-11,"$126,810,614","$802,704",1.56,,
2024-10-10,"$130,834,378","$741,767",1.545,,
2024-10-09,"$140,690,360","$1,058,623",1.63,,
2024-10-08,"$141,833,905","$1,136,215",1.695,,
2024-10-07,"$143,006,508","$498,244",1.705,,
2024-10-06,"$144,666,046","$441,469",1.72,,
2024-10-05,"$146,947,383","$1,207,775",1.745,,
2024-10-04,"$143,299,492","$1,753,451",1.74,,
2024-10-03,"$158,018,790","$894,086",1.805,,
2024-10-02,"$158,815,233","$3,077,600",1.895,,
2024-10-01,"$174,003,565","$1,349,832",2,,
2024-09-30,"$182,988,073","$2,181,692",2.145,,
2024-09-29,"$199,184,543","$1,271,909",2.29,,
2024-09-28,"$199,719,625","$2,790,699",2.395,,
2024-09-27,"$181,742,944","$1,442,266",2.29,,
2024-09-26,"$174,943,425","$1,253,829",2.14,,
2024-09-25,"$177,275,825","$1,308,897",2.11,,
2024-09-24,"$171,454,815","$1,083,612",2.09,,
2024-09-23,"$168,979,237","$700,581",2.04,,
2024-09-22,"$177,133,093","$592,696",2.07,,
2024-09-21,"$173,415,220","$2,443,453",2.1,,
2024-09-20,"$171,154,356","$1,828,440",2.065,,
2024-09-19,"$161,196,270","$1,385,164",1.99,,
2024-09-18,"$162,102,420","$756,891",1.935,,
2024-09-17,"$153,744,633","$582,904",1.89,,
2024-09-16,"$153,940,018","$628,413",1.845,,
2024-09-15,"$160,384,981","$437,442",1.885,,
2024-09-14,"$164,317,265","$757,263",1.945,,
2024-09-13,"$159,483,224","$701,988",1.94,,
2024-09-12,"$156,109,474","$1,544,282",1.89,,
2024-09-11,"$157,133,652","$663,532",1.875,,
2024-09-10,"$153,473,719","$1,130,540",1.86,,
2024-09-09,"$143,918,583","$916,590",1.785,,
2024-09-08,"$148,168,033","$432,535",1.755,,
2024-09-07,"$148,402,237","$1,889,733",1.78,,
2024-09-06,"$154,022,389","$537,055",1.815,,
2024-09-05,"$157,409,892","$1,165,277",1.87,,
2024-09-04,"$156,018,086","$917,732",1.88,,
2024-09-03,"$166,445,320","$728,762",1.93,,
2024-09-02,"$157,288,165","$857,208",1.94,,
2024-09-01,"$168,444,497","$986,739",1.955,,
2024-08-31,"$174,426,431","$2,561,021",2.055,,
2024-08-30,"$168,301,123","$2,705,441",2.055,,
2024-08-29,"$155,640,759","$1,932,778",1.945,,
2024-08-28,"$166,670,825","$2,623,460",1.935,,
2024-08-27,"$178,556,738","$2,105,384",2.07,,
2024-08-26,"$192,196,600","$5,667,214",2.22,,
2024-08-25,"$171,399,512","$5,364,397",2.18,,
2024-08-24,"$125,889,637","$3,687,006",1.785,,
2024-08-23,"$113,203,593","$699,552",1.435,,
2024-08-22,"$115,269,484","$387,942",1.37,,
2024-08-21,"$117,612,087","$690,583",1.395,,
2024-08-20,"$116,508,598","$843,879",1.4,,
2024-08-19,"$123,640,126","$316,959",1.44,,
2024-08-18,"$121,301,613","$290,154",1.47,,
2024-08-17,"$121,105,749","$536,565",1.45,,
2024-08-16,"$123,352,057","$573,912",1.465,,
2024-08-15,"$124,480,482","$829,046",1.485,,
2024-08-14,"$124,527,204","$845,244",1.495,,
2024-08-13,"$122,831,466","$963,510",1.485,,
2024-08-12,"$126,969,278","$836,774",1.495,,
2024-08-11,"$138,816,055","$450,900",1.59,,
2024-08-10,"$140,337,044","$1,557,164",1.68,,
2024-08-09,"$147,031,616","$1,898,745",1.735,,
2024-08-08,"$134,021,635","$1,676,924",1.69,,
2024-08-07,"$130,797,627","$2,543,098",1.595,,
2024-08-06,"$113,552,934","$4,680,607",1.47,,
2024-08-05,"$121,272,552","$1,719,846",1.41,,
2024-08-04,"$137,320,746","$1,415,909",1.555,,
2024-08-03,"$149,192,768","$1,476,902",1.72,,
2024-08-02,"$164,820,032","$2,024,621",1.885,,
2024-08-01,"$172,674,184","$2,432,318",2.025,,
2024-07-31,"$181,922,958","$1,562,412",2.125,,
2024-07-30,"$192,697,403","$1,749,517",2.245,,
2024-07-29,"$211,906,403","$1,010,137",2.425,,
2024-07-28,"$222,883,509","$1,278,962",2.605,,
2024-07-27,"$230,854,754","$1,162,526",2.72,,
2024-07-26,"$210,162,023","$1,496,841",2.645,,
2024-07-25,"$219,468,435","$1,007,287",2.575,,
2024-07-24,"$217,004,135","$1,272,898",2.615,,
2024-07-23,"$233,179,498","$13,013,376",2.7,,
2024-07-22,"$244,595,467","$2,328,935",2.87,,
2024-07-21,"$208,657,409","$976,187",2.72,,
2024-07-20,"$220,035,191","$2,148,482",2.565,,
2024-07-19,"$212,569,424","$2,290,149",2.59,,
2024-07-18,"$225,590,121","$1,364,444",2.625,,
2024-07-17,"$241,230,204","$1,472,866",2.795,,
2024-07-16,"$244,834,761","$1,616,933",2.905,,
2024-07-15,"$241,222,802","$1,277,638",2.9,,
2024-07-14,"$227,824,402","$540,750",2.805,,
2024-07-13,"$223,843,714","$1,172,549",2.705,,
2024-07-12,"$227,320,900","$851,065",2.7,,
2024-07-11,"$241,257,494","$1,165,009",2.805,,
2024-07-10,"$243,828,172","$1,062,794",2.905,,
2024-07-09,"$237,616,391","$2,060,709",2.885,,
2024-07-08,"$236,713,138","$2,092,705",2.845,,
2024-07-07,"$252,758,722","$2,227,501",2.935,,
2024-07-06,"$226,003,464","$3,588,964",2.87,,
2024-07-05,"$209,656,579","$2,874,829",2.615,,
2024-07-04,"$243,085,680","$1,376,381",2.72,,
2024-07-03,"$271,204,315","$1,342,599",3.085,,
2024-07-02,"$267,241,867","$2,152,613",3.225,,
2024-07-01,"$261,292,752","$972,182",3.165,,
2024-06-30,"$240,019,947","$1,069,241",3.005,,
2024-06-29,"$243,464,894","$1,269,543",2.9,,
2024-06-28,"$266,913,735","$2,659,453",3.06,,
2024-06-27,"$228,403,226","$1,482,685",2.97,,
2024-06-26,"$249,721,135","$3,835,290",2.865,,
2024-06-25,"$212,944,418","$2,472,911",2.775,,
2024-06-24,"$186,674,768","$1,019,900",2.4,,
2024-06-23,"$213,895,230","$836,739",2.405,,
2024-06-22,"$229,050,757","$2,283,811",2.66,,
2024-06-21,"$236,140,898","$2,379,611",2.79,,
2024-06-20,"$245,940,190","$1,503,043",2.89,,
2024-06-19,"$249,303,164","$2,660,743",2.97,,
2024-06-18,"$261,772,390","$1,614,064",3.065,,
2024-06-17,"$290,202,426","$855,609",3.31,,
2024-06-16,"$263,837,774","$922,754",3.32,,
2024-06-15,"$265,738,441","$2,392,818",3.17,,
2024-06-14,"$282,623,665","$3,678,068",3.285,,
2024-06-13,"$304,049,809","$2,461,948",3.52,,
2024-06-12,"$305,992,635","$2,800,255",3.655,,
2024-06-11,"$321,210,732","$1,548,234",3.755,,
2024-06-10,"$348,905,325","$1,645,805",4.015,,
2024-06-09,"$325,145,568","$3,027,323",4.04,,
2024-06-08,"$348,571,785","$4,809,330",4.035,,
2024-06-07,"$389,621,464","$3,749,427",4.425,,
2024-06-06,"$409,456,080","$9,770,912",4.785,,
2024-06-05,"$373,866,096","$4,326,136",4.695,,
2024-06-04,"$338,470,170","$1,989,875",4.28,,
2024-06-03,"$322,574,018","$1,641,136",3.965,,
2024-06-02,"$326,929,245","$1,224,678",3.9,,
2024-06-01,"$293,398,914","$1,455,812",3.725,,
2024-05-31,"$311,521,855","$1,598,152",3.62,,
2024-05-30,"$321,236,820","$1,614,893",3.785,,
2024-05-29,"$336,758,666","$2,620,653",3.945,,
2024-05-28,"$355,182,409","$2,066,494",4.15,,
2024-05-27,"$352,087,106","$1,662,506",4.24,,
2024-05-26,"$394,099,694","$1,138,035",4.475,,
2024-05-25,"$376,496,975","$1,957,070",4.625,,
2024-05-24,"$392,043,655","$3,087,193",4.61,,
2024-05-23,"$430,809,988","$3,434,589",4.915,,
2024-05-22,"$425,233,639","$3,175,149",5.11,,
2024-05-21,"$448,302,031","$2,812,147",5.235,,
2024-05-20,"$420,355,303","$2,207,270",5.21,,
2024-05-19,"$445,760,047","$3,170,902",5.19,,
2024-05-18,"$431,918,791","$2,012,413",5.26,,
2024-05-17,"$395,651,630","$2,815,258",4.965,,
2024-05-16,"$423,948,510","$5,152,306",4.915,,
2024-05-15,"$356,237,173","$2,499,457",4.68,,
2024-05-14,"$394,880,975","$2,958,920",4.51,,
2024-05-13,"$370,419,417","$1,318,819",4.595,,
2024-05-12,"$370,647,979","$1,270,656",4.445,,
2024-05-11,"$339,304,308","$2,569,888",4.255,,
2024-05-10,"$371,085,396","$4,830,762",4.26,,
2024-05-09,"$316,723,421","$1,816,598",4.125,,
2024-05-08,"$326,168,649","$2,371,980",3.855,,
2024-05-07,"$337,013,230","$7,401,869",3.985,,
2024-05-06,"$337,910,158","$2,768,980",4.06,,
2024-05-05,"$282,821,127","$1,763,829",3.74,,
2024-05-04,"$291,425,719","$1,375,934",3.455,,
2024-05-03,"$264,978,551","$1,612,981",3.335,,
2024-05-02,"$266,360,655","$2,916,638",3.185,,
2024-05-01,"$263,323,864","$2,183,491",3.175,,
2024-04-30,"$267,376,655","$1,092,877",3.185,,
2024-04-29,"$280,087,531","$1,056,732",3.28,,
2024-04-28,"$305,267,768","$2,166,228",3.505,,
2024-04-27,"$262,309,664","$1,141,379",3.405,,
2024-04-26,"$273,042,893","$2,167,573",3.21,,
2024-04-25,"$302,201,719","$2,327,564",3.45,,
2024-04-24,"$341,409,171","$1,749,944",3.86,,
2024-04-23,"$344,885,967","$1,519,811",4.11,,
2024-04-22,"$339,003,560","$2,067,707",4.1,,
2024-04-21,"$358,012,768","$3,220,795",4.185,,
2024-04-20,"$353,927,464","$5,319,651",4.255,,
2024-04-19,"$334,487,541","$2,260,263",4.11,,
2024-04-18,"$287,925,429","$3,028,515",3.73,,
2024-04-17,"$328,321,776","$2,517,167",3.695,,
2024-04-16,"$300,797,206","$5,445,651",3.79,,
2024-04-15,"$302,494,507","$3,565,967",3.64,,
2024-04-14,"$298,015,472","$6,248,095",3.595,,
2024-04-13,"$259,151,956","$4,342,703",3.33,,
2024-04-12,"$294,396,238","$3,165,871",3.305,,
2024-04-11,"$276,937,845","$1,750,375",3.41,,
2024-04-10,"$252,033,046","$1,983,345",3.17,,
2024-04-09,"$256,189,386","$2,499,838",3.045,,
2024-04-08,"$263,606,973","$2,000,635",3.115,,
2024-04-07,"$297,935,595","$1,578,396",3.255,,
2024-04-06,"$292,346,112","$2,598,632",3.425,,
2024-04-05,"$313,353,916","$1,735,175",3.63,,
2024-04-04,"$347,054,539","$2,149,122",3.96,,
2024-04-03,"$317,963,232","$1,645,842",3.98,,
2024-04-02,"$343,371,702","$2,216,106",3.955,,
2024-04-01,"$365,530,367","$1,328,605",4.245,,
2024-03-31,"$381,843,119","$2,794,394",4.48,,
2024-03-30,"$365,082,614","$2,541,944",4.48,,
2024-03-29,"$359,582,296","$4,516,501",4.345,,
2024-03-28,"$383,149,039","$5,186,903",4.46,,
2024-03-27,"$417,418,471","$2,170,200",4.81,,
2024-03-26,"$434,971,520","$5,978,795",5.115,,
2024-03-25,"$422,310,603","$2,683,763",5.14,,
2024-03-24,"$408,490,130","$2,270,198",4.98,,
2024-03-23,"$412,571,969","$3,385,693",4.925,,
2024-03-22,"$419,344,984","$2,827,579",4.985,,
2024-03-21,"$474,858,113","$3,207,070",5.35,,
2024-03-20,"$417,525,486","$5,661,231",5.33,,
2024-03-19,"$497,093,448","$4,830,614",5.46,,
2024-03-18,"$530,179,366","$7,672,677",6.14,,
2024-03-17,"$430,867,635","$5,915,178",5.755,,
2024-03-16,"$472,340,962","$5,172,241",5.415,,
2024-03-15,"$443,900,413","$6,876,258",5.49,,
2024-03-14,"$482,437,797","$3,675,877",5.48,,
2024-03-13,"$506,288,808","$4,795,499",5.85,,
2024-03-12,"$544,921,290","$4,400,679",6.295,,
2024-03-11,"$533,291,808","$3,498,770",6.46,,
2024-03-10,"$552,116,675","$3,827,300",6.505,,
2024-03-09,"$565,838,900","$5,754,906",6.695,,
2024-03-08,"$611,448,296","$11,496,494",7.05,,
2024-03-07,"$586,975,617","$11,235,811",7.165,,
2024-03-06,"$419,569,519","$4,853,183",6.03,,
2024-03-05,"$442,623,160","$5,205,265",5.195,,
2024-03-04,"$474,495,998","$5,487,153",5.51,,
2024-03-03,"$440,457,964","$3,252,748",5.49,,
2024-03-02,"$486,158,716","$8,161,951",5.555,,
2024-03-01,"$452,098,815","$10,362,849",5.62,,
2024-02-29,"$509,565,801","$10,276,793",5.77,,
2024-02-28,"$545,853,845","$9,884,832",6.335,,
2024-02-27,"$501,550,849","$10,751,863",6.28,,
2024-02-26,"$394,557,786","$3,961,676",5.37,,
2024-02-25,"$394,196,970","$3,386,063",4.73,,
2024-02-24,"$366,048,551","$7,703,706",4.55,,
2024-02-23,"$323,903,919","$3,563,791",4.125,,
2024-02-22,"$284,562,198","$2,455,063",3.645,,
2024-02-21,"$265,739,217","$2,813,774",3.3,,
2024-02-20,$0.000000000000000000,"$1,130,156",3.31,,
2024-02-19,$0.000000000000000000,"$2,123,458",3.595,,
2024-02-18,$0.000000000000000000,"$2,211,673",3.63,,
2024-02-17,$0.000000000000000000,"$2,631,961",3.615,,
2024-02-16,$0.000000000000000000,"$5,048,447",3.775,,
2024-02-15,$0.000000000000000000,"$4,194,906",3.67,,
2024-02-14,$0.000000000000000000,"$3,060,077",3.345,,
2024-02-13,$0.000000000000000000,"$4,771,451",3.22,,
2024-02-12,$0.000000000000000000,"$5,657,933",3.09,,
2024-02-11,$0.000000000000000000,"$1,938,253",2.455,,
2024-02-10,$0.000000000000000000,"$736,101",1.81,,
2024-02-09,$0.000000000000000000,"$805,136",1.635,,
2024-02-08,$0.000000000000000000,"$1,559,911",1.63,,
2024-02-07,$0.000000000000000000,"$622,174",1.5,,
2024-02-06,$0.000000000000000000,"$606,549",1.425,,
2024-02-05,$0.000000000000000000,"$700,601",1.475,,
2024-02-04,$0.000000000000000000,"$541,708",1.49,,
2024-02-03,$0.000000000000000000,"$1,672,455",1.5,,
2024-02-02,$0.000000000000000000,"$1,692,845",1.545,,
2024-02-01,$0.000000000000000000,"$1,625,278",1.475,,
2024-01-31,$0.000000000000000000,"$933,216",1.425,,
2024-01-30,$0.000000000000000000,"$2,056,935",1.535,,
2024-01-29,$0.000000000000000000,"$954,905",1.625,,
2024-01-28,$0.000000000000000000,"$1,320,544",1.68,,
2024-01-27,$0.000000000000000000,"$2,808,663",1.67,,
2024-01-26,$0.000000000000000000,"$1,479,411",1.535,,
2024-01-25,$0.000000000000000000,"$2,475,057",1.41,,
2024-01-24,$0.000000000000000000,"$4,643,310",1.4,,
2024-01-23,$0.000000000000000000,"$1,192,574",1.2355,,
2024-01-22,$0.000000000000000000,"$405,709",1.0208965,,
2024-01-21,$0.000000000000000000,"$320,646",0.962086,,
2024-01-20,$0.000000000000000000,"$509,124",0.933351,,
2024-01-19,$0.000000000000000000,"$419,259",0.9033625,,
2024-01-18,$0.000000000000000000,"$882,266",0.919941,,
2024-01-17,$0.000000000000000000,"$273,860",0.9413275,,
2024-01-16,$0.000000000000000000,"$283,254",0.9192385,,
2024-01-15,$0.000000000000000000,"$541,145",0.902659,,
2024-01-14,$0.000000000000000000,"$1,588,453",0.922978,,
2024-01-13,$0.000000000000000000,"$583,931",0.885298,,
2024-01-12,$0.000000000000000000,"$1,345,229",0.8354305,,
2024-01-11,$0.000000000000000000,"$1,392,603",0.893034,,
2024-01-10,$0.000000000000000000,"$1,389,490",0.956016,,
2024-01-09,$0.000000000000000000,"$1,745,960",1.0200845,,
2024-01-08,$0.000000000000000000,"$1,074,625",0.954608,,
2024-01-07,$0.000000000000000000,"$405,372",0.8126745,,
2024-01-06,$0.000000000000000000,"$633,846",0.7701605,,
2024-01-05,$0.000000000000000000,"$793,404",0.78602,,
2024-01-04,$0.000000000000000000,"$1,089,639",0.8230835,,
2024-01-03,$0.000000000000000000,"$1,180,832",0.806853,,
2024-01-02,$0.000000000000000000,"$1,905,273",0.8100305,,
2024-01-01,$0.000000000000000000,"$1,135,410",0.786471,,
2023-12-31,$0.000000000000000000,"$548,972",0.6459,,
2023-12-30,$0.000000000000000000,"$533,847",0.588904,,
2023-12-29,$0.000000000000000000,"$1,030,366",0.628134,,
2023-12-28,$0.000000000000000000,"$614,373",0.657035,,
2023-12-27,$0.000000000000000000,"$854,378",0.6510515,,
2023-12-26,$0.000000000000000000,"$708,217",0.6656575,,
2023-12-25,$0.000000000000000000,"$748,556",0.6923885,,
2023-12-24,$0.000000000000000000,"$974,406",0.727547,,
2023-12-23,$0.000000000000000000,"$821,709",0.7040565,,
2023-12-22,$0.000000000000000000,"$1,056,640",0.6802205,,
2023-12-21,$0.000000000000000000,"$1,285,095",0.745037,,
2023-12-20,$0.000000000000000000,"$4,624,687",0.7486365,,
2023-12-19,$0.000000000000000000,"$1,549,434",0.619384,,
2023-12-18,$0.000000000000000000,"$603,218",0.5023565,,
2023-12-17,$0.000000000000000000,"$930,914",0.5160925,,
2023-12-16,$0.000000000000000000,"$1,578,879",0.568686,,
2023-12-15,$0.000000000000000000,"$1,543,339",0.6583045,,
2023-12-14,$0.000000000000000000,"$1,804,145",0.690316,,
2023-12-13,$0.000000000000000000,"$1,225,232",0.6467105,,
2023-12-12,$0.000000000000000000,"$1,459,710",0.6475015,,
2023-12-11,$0.000000000000000000,"$1,004,693",0.7202635,,
2023-12-10,$0.000000000000000000,"$1,283,891",0.7462555,,
2023-12-09,$0.000000000000000000,"$2,800,575",0.7542255,,
2023-12-08,$0.000000000000000000,"$1,529,434",0.7403695,,
2023-12-07,$0.000000000000000000,"$2,019,122",0.6569355,,
2023-12-06,$0.000000000000000000,"$1,043,991",0.5236125,,
2023-12-05,$0.000000000000000000,"$1,171,619",0.4787475,,
2023-12-04,$0.000000000000000000,"$1,170,428",0.51697,,
2023-12-03,$0.000000000000000000,"$1,697,738",0.570873,,
2023-12-02,$0.000000000000000000,"$1,131,369",0.5970445,,
2023-12-01,$0.000000000000000000,"$474,077",0.529606,,
2023-11-30,$0.000000000000000000,"$1,125,752",0.488812,,
2023-11-29,$0.000000000000000000,"$1,690,644",0.5215635,,
2023-11-28,$0.000000000000000000,"$1,456,164",0.483292,,
2023-11-27,$0.000000000000000000,"$876,072",0.407356,,
2023-11-26,$0.000000000000000000,"$861,789",0.4633925,,
2023-11-25,$0.000000000000000000,"$990,406",0.4839225,,
2023-11-24,$0.000000000000000000,"$1,330,754",0.460495,,
2023-11-23,$0.000000000000000000,"$1,980,970",0.5301125,,
2023-11-22,$0.000000000000000000,"$1,511,565",0.4781105,,
2023-11-21,$0.000000000000000000,"$2,643,530",0.3724765,,
2023-11-20,$0.000000000000000000,"$4,540,236",0.4616955,,
2023-11-19,$0.000000000000000000,"$2,385,119",0.456685,,
2023-11-18,$0.000000000000000000,"$896,187",0.306432,,
2023-11-17,$0.000000000000000000,"$1,566,127",0.2158305,,
2023-11-16,$0.000000000000000000,"$2,281,521",0.242204,,
2023-11-15,$0.000000000000000000,"$1,034,040",0.2485895,,
2023-11-14,$0.000000000000000000,"$628,267",0.1702665,,
2023-11-13,$0.000000000000000000,"$1,148,247",0.156695,,
2023-11-12,$0.000000000000000000,"$1,832,789",0.199977,,
2023-11-11,$0.000000000000000000,"$2,349,744",0.2377875,,
2023-11-10,$0.000000000000000000,"$922,420",0.172461,,
2023-11-09,$0.000000000000000000,"$243,148",0.062666895,,
2023-11-08,$0.000000000000000000,"$142,930",0.029271845,,
2023-11-07,$0.000000000000000000,"$123,452",0.019549255,,
2023-11-06,$0.000000000000000000,"$113,380",0.017420465,,
2023-11-05,$0.000000000000000000,"$128,646",0.017277945,,
2023-11-04,$0.000000000000000000,"$132,703",0.017486165,,
2023-11-03,$0.000000000000000000,"$132,781",0.016152735,,
2023-11-02,$0.000000000000000000,"$110,154",0.01351047,,
2023-11-01,$0.000000000000000000,"$100,546",0.01211771,,
2023-10-31,$0.000000000000000000,"$114,836",0.01173276,,
2023-10-30,$0.000000000000000000,"$102,615",0.01168104,,
2023-10-29,$0.000000000000000000,"$127,390",0.01158155,,
2023-10-28,$0.000000000000000000,"$119,287",0.01137777,,
2023-10-27,$0.000000000000000000,"$115,405",0.011184135,,
2023-10-26,$0.000000000000000000,"$127,770",0.01103778,,
2023-10-25,$0.000000000000000000,"$117,722",0.01088512,,
2023-10-24,$0.000000000000000000,"$119,022",0.01069812,,
2023-10-23,$0.000000000000000000,"$123,347",0.01069487,,
2023-10-22,$0.000000000000000000,"$127,024",0.0107193,,
2023-10-21,$0.000000000000000000,"$117,639",0.01071979,,
2023-10-20,$0.000000000000000000,"$114,013",0.01072235,,
2023-10-19,$0.000000000000000000,"$98,270",0.01071685,,
2023-10-18,$0.000000000000000000,"$102,888",0.010815185,,
2023-10-17,$0.000000000000000000,"$107,269",0.010903115,,
2023-10-16,$0.000000000000000000,"$100,951",0.01094672,,
2023-10-15,$0.000000000000000000,"$89,675",0.010995625,,
2023-10-14,$0.000000000000000000,"$111,029",0.011022985,,
2023-10-13,$0.000000000000000000,"$101,313",0.01088028,,
2023-10-12,$0.000000000000000000,"$106,667",0.010692555,,
2023-10-11,$0.000000000000000000,"$96,745",0.01070533,,
2023-10-10,$0.000000000000000000,"$111,074",0.01080322,,
2023-10-09,$0.000000000000000000,"$96,041",0.010809125,,
2023-10-08,$0.000000000000000000,"$117,713",0.010750925,,
2023-10-07,$0.000000000000000000,"$107,483",0.010759685,,
2023-10-06,$0.000000000000000000,"$112,720",0.01077638,,
2023-10-05,$0.000000000000000000,"$110,804",0.01079726,,
2023-10-04,$0.000000000000000000,"$100,133",0.010798625,,
2023-10-03,$0.000000000000000000,"$90,440",0.010826085,,
2023-10-02,$0.000000000000000000,"$105,922",0.010836235,,
2023-10-01,$0.000000000000000000,"$111,191",0.010815025,,
2023-09-30,$0.000000000000000000,"$116,377",0.010849285,,
2023-09-29,$0.000000000000000000,"$95,748",0.01087276,,
2023-09-28,$0.000000000000000000,"$93,314",0.010942365,,
2023-09-27,$0.000000000000000000,"$84,434",0.01102198,,
2023-09-26,$0.000000000000000000,"$102,183",0.01102085,,
2023-09-25,$0.000000000000000000,"$102,492",0.01107963,,
2023-09-24,$0.000000000000000000,"$104,995",0.011252105,,
2023-09-23,$0.000000000000000000,"$102,282",0.011340355,,
2023-09-22,$0.000000000000000000,"$102,291",0.01129725,,
2023-09-21,$0.000000000000000000,"$74,475",0.01130867,,
2023-09-20,$0.000000000000000000,"$102,799",0.011344615,,
2023-09-19,$0.000000000000000000,"$81,792",0.01135121,,
2023-09-18,$0.000000000000000000,"$94,924",0.011370095,,
2023-09-17,$0.000000000000000000,"$76,912",0.011357355,,
2023-09-16,$0.000000000000000000,"$85,418",0.011348525,,
2023-09-15,$0.000000000000000000,"$89,963",0.01136474,,
2023-09-14,$0.000000000000000000,"$99,240",0.011367125,,
2023-09-13,$0.000000000000000000,"$105,104",0.01138208,,
2023-09-12,$0.000000000000000000,"$88,168",0.011386795,,
2023-09-11,$0.000000000000000000,"$87,371",0.011460615,,
2023-09-10,$0.000000000000000000,"$89,183",0.01155831,,
2023-09-09,$0.000000000000000000,"$94,578",0.011617775,,
2023-09-08,$0.000000000000000000,"$97,168",0.01160249,,
2023-09-07,$0.000000000000000000,"$88,288",0.011554565,,
2023-09-06,$0.000000000000000000,"$85,177",0.01156379,,
2023-09-05,$0.000000000000000000,"$80,023",0.011571975,,
2023-09-04,$0.000000000000000000,"$92,164",0.011699665,,
2023-09-03,$0.000000000000000000,"$105,920",0.011832285,,
2023-09-02,$0.000000000000000000,"$95,973",0.011886295,,
2023-09-01,$0.000000000000000000,"$90,282",0.01192276,,
2023-08-31,$0.000000000000000000,"$96,617",0.01200697,,
2023-08-30,$0.000000000000000000,"$107,698",0.012137405,,
2023-08-29,$0.000000000000000000,"$94,776",0.012146295,,
2023-08-28,$0.000000000000000000,"$40,952",0.012091585,,
2023-08-27,$0.000000000000000000,"$31,800",0.012096335,,
2023-08-26,$0.000000000000000000,"$37,543",0.01213106,,
2023-08-25,$0.000000000000000000,"$31,510",0.012099445,,
2023-08-24,$0.000000000000000000,"$40,177",0.0121969,,
2023-08-23,$0.000000000000000000,"$35,779",0.01231447,,
2023-08-22,$0.000000000000000000,"$37,681",0.01228372,,
2023-08-21,$0.000000000000000000,"$33,953",0.012305645,,
2023-08-20,$0.000000000000000000,"$32,994",0.012440565,,
2023-08-19,$0.000000000000000000,"$32,467",0.012540505,,
2023-08-18,$0.000000000000000000,"$32,868",0.01256896,,
2023-08-17,$0.000000000000000000,"$21,997",0.01250549,,
2023-08-16,$0.000000000000000000,"$28,588",0.0124622,,
2023-08-15,$0.000000000000000000,"$29,902",0.012572655,,
2023-08-14,$0.000000000000000000,"$31,355",0.012634815,,
2023-08-13,$0.000000000000000000,"$30,532",0.01268088,,
2023-08-12,$0.000000000000000000,"$35,105",0.012705555,,
2023-08-11,$0.000000000000000000,"$30,969",0.01271219,,
2023-08-10,$0.000000000000000000,"$35,446",0.01272084,,
2023-08-09,$0.000000000000000000,"$33,084",0.01268775,,
2023-08-08,$0.000000000000000000,"$32,467",0.01265247,,
2023-08-07,$0.000000000000000000,"$31,462",0.012617035,,
2023-08-06,$0.000000000000000000,"$19,402.40",0.012607375,,
2023-08-05,$0.000000000000000000,"$29,835",0.01260378,,
2023-08-04,$0.000000000000000000,"$31,506",0.0126578,,
2023-08-03,$0.000000000000000000,"$31,887",0.0127234,,
2023-08-02,$0.000000000000000000,"$34,906",0.012743325,,
2023-08-01,$0.000000000000000000,"$33,599",0.01270471,,
2023-07-31,$0.000000000000000000,"$17,354.88",0.012691995,,
2023-07-30,$0.000000000000000000,"$29,380",0.012849605,,
2023-07-29,$0.000000000000000000,"$36,027",0.01298938,,
2023-07-28,$0.000000000000000000,"$39,865",0.012962795,,
2023-07-27,$0.000000000000000000,"$35,998",0.012926905,,
2023-07-26,$0.000000000000000000,"$33,124",0.01294533,,
2023-07-25,$0.000000000000000000,"$39,418",0.01295166,,
2023-07-24,$0.000000000000000000,"$33,299",0.012950735,,
2023-07-23,$0.000000000000000000,"$35,964",0.012962795,,
2023-07-22,$0.000000000000000000,"$30,382",0.01296425,,
2023-07-21,$0.000000000000000000,"$28,269",0.012969515,,
2023-07-20,$0.000000000000000000,"$30,978",0.012969435,,
2023-07-19,$0.000000000000000000,"$36,638",0.01291857,,
2023-07-18,$0.000000000000000000,"$14,419.54",0.01290021,,
2023-07-17,$0.000000000000000000,"$41,686",0.01293608,,
2023-07-16,$0.000000000000000000,"$36,681",0.01293814,,
2023-07-15,$0.000000000000000000,"$40,421",0.01297363,,
2023-07-14,$0.000000000000000000,"$38,658",0.01314959,,
2023-07-13,$0.000000000000000000,"$46,379",0.01338567,,
2023-07-12,$0.000000000000000000,"$52,077",0.013510285,,
2023-07-11,$0.000000000000000000,"$48,272",0.013423285,,
2023-07-10,$0.000000000000000000,"$33,436",0.013310195,,
2023-07-09,$0.000000000000000000,"$39,099",0.01329281,,
2023-07-08,$0.000000000000000000,"$39,406",0.01333181,,
2023-07-07,$0.000000000000000000,"$47,916",0.013381845,,
2023-07-06,$0.000000000000000000,"$48,604",0.01352255,,
2023-07-05,$0.000000000000000000,"$50,031",0.013701485,,
2023-07-04,$0.000000000000000000,"$37,135",0.01376374,,
2023-07-03,$0.000000000000000000,"$25,377",0.013746075,,
2023-07-02,$0.000000000000000000,"$35,236",0.01389637,,
2023-07-01,$0.000000000000000000,"$39,148",0.014144415,,
2023-06-30,$0.000000000000000000,"$47,367",0.01427492,,
2023-06-29,$0.000000000000000000,"$50,802",0.01418872,,
2023-06-28,$0.000000000000000000,"$56,994",0.014330595,,
2023-06-27,$0.000000000000000000,"$51,179",0.01463923,,
2023-06-26,$0.000000000000000000,"$22,070",0.01464914,,
2023-06-25,$0.000000000000000000,"$11,579.45",0.01461546,,
2023-06-24,$0.000000000000000000,"$13,895.42",0.01469433,,
2023-06-23,$0.000000000000000000,"$10,454.21",0.01501046,,
2023-06-22,$0.000000000000000000,"$11,671.64",0.015276485,,
2023-06-21,$0.000000000000000000,"$8,915.60",0.015291785,,
2023-06-20,$0.000000000000000000,"$40,750",0.015285595,,
2023-06-19,$0.000000000000000000,"$41,380",0.015278105,,
2023-06-18,$0.000000000000000000,"$56,859",0.015238025,,
2023-06-17,$0.000000000000000000,"$46,459",0.015424515,,
2023-06-16,$0.000000000000000000,"$57,267",0.01551763,,
2023-06-15,$0.000000000000000000,"$50,377",0.015221615,,
2023-06-14,$0.000000000000000000,"$55,045",0.015313005,,
2023-06-13,$0.000000000000000000,"$23,574",0.01558817,,
2023-06-12,$0.000000000000000000,"$33,374",0.015676645,,
2023-06-11,$0.000000000000000000,"$52,015",0.015824265,,
2023-06-10,$0.000000000000000000,"$53,109",0.015913065,,
2023-06-09,$0.000000000000000000,"$35,581",0.01597562,,
2023-06-08,$0.000000000000000000,"$47,263",0.015855965,,
2023-06-07,$0.000000000000000000,"$45,144",0.01569542,,
2023-06-06,$0.000000000000000000,"$50,178",0.015591235,,
2023-06-05,$0.000000000000000000,"$44,105",0.01562863,,
2023-06-04,$0.000000000000000000,"$51,092",0.015762165,,
2023-06-03,$0.000000000000000000,"$44,588",0.01575061,,
2023-06-02,$0.000000000000000000,"$45,266",0.01571637,,
2023-06-01,$0.000000000000000000,"$42,685",0.015731915,,
2023-05-31,$0.000000000000000000,"$46,010",0.015762855,,
2023-05-30,$0.000000000000000000,"$42,397",0.01578612,,
2023-05-29,$0.000000000000000000,"$45,311",0.015799815,,
2023-05-28,$0.000000000000000000,"$46,858",0.015796625,,
2023-05-27,$0.000000000000000000,"$54,084",0.01579441,,
2023-05-26,$0.000000000000000000,"$44,577",0.01579117,,
2023-05-25,$0.000000000000000000,"$63,711",0.01577936,,
2023-05-24,$0.000000000000000000,"$39,021",0.015513305,,
2023-05-23,$0.000000000000000000,"$47,503",0.01528392,,
2023-05-22,$0.000000000000000000,"$47,126",0.01529708,,
2023-05-21,$0.000000000000000000,"$50,985",0.01529988,,
2023-05-20,$0.000000000000000000,"$43,829",0.0154322,,
2023-05-19,$0.000000000000000000,"$45,525",0.015552005,,
2023-05-18,$0.000000000000000000,"$42,278",0.015473685,,
2023-05-17,$0.000000000000000000,"$56,764",0.015407315,,
2023-05-16,$0.000000000000000000,"$49,984",0.01543076,,
2023-05-15,$0.000000000000000000,"$41,618",0.015460965,,
2023-05-14,$0.000000000000000000,"$39,208",0.01549045,,
2023-05-13,$0.000000000000000000,"$39,597",0.015491155,,
2023-05-12,$0.000000000000000000,"$55,268",0.015492085,,
2023-05-11,$0.000000000000000000,"$44,725",0.015510035,,
2023-05-10,$0.000000000000000000,"$47,668",0.015506065,,
2023-05-09,$0.000000000000000000,"$64,038",0.01549778,,
2023-05-08,$0.000000000000000000,"$61,804",0.015639195,,
2023-05-07,$0.000000000000000000,"$62,169",0.015759515,,
2023-05-06,$0.000000000000000000,"$59,292",0.01576697,,
2023-05-05,$0.000000000000000000,"$59,706",0.015814015,,
2023-05-04,$0.000000000000000000,"$61,047",0.015846305,,
2023-05-03,$0.000000000000000000,"$61,797",0.01588971,,
2023-05-02,$0.000000000000000000,"$56,549",0.015948595,,
2023-05-01,$0.000000000000000000,"$63,238",0.01596778,,
2023-04-30,$0.000000000000000000,"$53,313",0.0160897,,
2023-04-29,$0.000000000000000000,"$58,901",0.016318265,,
2023-04-28,$0.000000000000000000,"$64,931",0.01635323,,
2023-04-27,$0.000000000000000000,"$61,080",0.01657826,,
2023-04-26,$0.000000000000000000,"$64,286",0.016911605,,
2023-04-25,$0.000000000000000000,"$64,188",0.01694216,,
2023-04-24,$0.000000000000000000,"$62,221",0.01692016,,
2023-04-23,$0.000000000000000000,"$67,277",0.016893895,,
2023-04-22,$0.000000000000000000,"$58,938",0.016858935,,
2023-04-21,$0.000000000000000000,"$59,597",0.01689203,,
2023-04-20,$0.000000000000000000,"$64,824",0.01695613,,
2023-04-19,$0.000000000000000000,"$66,124",0.017010365,,
2023-04-18,$0.000000000000000000,"$65,991",0.01704971,,
2023-04-17,$0.000000000000000000,"$52,382",0.017022405,,
2023-04-16,$0.000000000000000000,"$67,517",0.01712071,,
2023-04-15,$0.000000000000000000,"$64,891",0.0172095,,
2023-04-14,$0.000000000000000000,"$65,077",0.017146515,,
2023-04-13,$0.000000000000000000,"$63,269",0.01711884,,
2023-04-12,$0.000000000000000000,"$70,089",0.01712617,,
2023-04-11,$0.000000000000000000,"$62,320",0.016880695,,
2023-04-10,$0.000000000000000000,"$65,376",0.01661968,,
2023-04-09,$0.000000000000000000,"$65,838",0.01664572,,
2023-04-08,$0.000000000000000000,"$70,537",0.016786125,,
2023-04-07,$0.000000000000000000,"$65,604",0.016922405,,
2023-04-06,$0.000000000000000000,"$66,923",0.01687405,,
2023-04-05,$0.000000000000000000,"$63,788",0.016837615,,
2023-04-04,$0.000000000000000000,"$66,903",0.016965685,,
2023-04-03,$0.000000000000000000,"$64,660",0.017133785,,
2023-04-02,$0.000000000000000000,"$66,545",0.017168955,,
2023-04-01,$0.000000000000000000,"$63,431",0.0171617,,
2023-03-31,$0.000000000000000000,"$65,691",0.01724524,,
2023-03-30,$0.000000000000000000,"$56,121",0.017159395,,
2023-03-29,$0.000000000000000000,"$63,240",0.017238735,,
2023-03-28,$0.000000000000000000,"$63,215",0.01745305,,
2023-03-27,$0.000000000000000000,"$66,379",0.01743434,,
2023-03-26,$0.000000000000000000,"$67,106",0.01746633,,
2023-03-25,$0.000000000000000000,"$64,922",0.017492485,,
2023-03-24,$0.000000000000000000,"$60,467",0.017387515,,
2023-03-23,$0.000000000000000000,"$59,509",0.01733571,,
2023-03-22,$0.000000000000000000,"$57,251",0.01737178,,
2023-03-21,$0.000000000000000000,"$58,174",0.01753721,,
2023-03-20,$0.000000000000000000,"$55,277",0.01762099,,
2023-03-19,$0.000000000000000000,"$60,875",0.01754789,,
2023-03-18,$0.000000000000000000,"$55,964",0.01739658,,
2023-03-17,$0.000000000000000000,"$65,984",0.017165385,,
2023-03-16,$0.000000000000000000,"$59,041",0.017697295,,
2023-03-15,$0.000000000000000000,"$61,586",0.018297465,,
2023-03-14,$0.000000000000000000,"$59,658",0.018130025,,
2023-03-13,$0.000000000000000000,"$59,071",0.01794968,,
2023-03-12,$0.000000000000000000,"$63,320",0.017886685,,
2023-03-11,$0.000000000000000000,"$57,531",0.018058275,,
2023-03-10,$0.000000000000000000,"$59,161",0.01820516,,
2023-03-09,$0.000000000000000000,"$59,019",0.01814463,,
2023-03-08,$0.000000000000000000,"$58,789",0.018274095,,
2023-03-07,$0.000000000000000000,"$61,510",0.01840139,,
2023-03-06,$0.000000000000000000,"$57,331",0.01821869,,
2023-03-05,$0.000000000000000000,"$55,891",0.01801871,,
2023-03-04,$0.000000000000000000,"$58,278",0.017984465,,
2023-03-03,$0.000000000000000000,"$56,382",0.017888335,,
2023-03-02,$0.000000000000000000,"$56,800",0.01777629,,
2023-03-01,$0.000000000000000000,"$51,498",0.017770035,,
2023-02-28,$0.000000000000000000,"$56,116",0.01784622,,
2023-02-27,$0.000000000000000000,"$57,510",0.01790694,,
2023-02-26,$0.000000000000000000,"$55,969",0.01789442,,
2023-02-25,$0.000000000000000000,"$56,624",0.017882715,,
2023-02-24,$0.000000000000000000,"$54,554",0.017867985,,
2023-02-23,$0.000000000000000000,"$52,246",0.01778449,,
2023-02-22,$0.000000000000000000,"$49,550",0.01780675,,
2023-02-21,$0.000000000000000000,"$57,622",0.017909435,,
2023-02-20,$0.000000000000000000,"$56,137",0.01810438,,
2023-02-19,$0.000000000000000000,"$54,434",0.018305645,,
2023-02-18,$0.000000000000000000,"$54,665",0.01828254,,
2023-02-17,$0.000000000000000000,"$53,425",0.018368985,,
2023-02-16,$0.000000000000000000,"$57,837",0.018405345,,
2023-02-15,$0.000000000000000000,"$52,910",0.018276465,,
2023-02-14,$0.000000000000000000,"$53,644",0.01805629,,
2023-02-13,$0.000000000000000000,"$51,903",0.01788968,,
2023-02-12,$0.000000000000000000,"$49,208",0.01792545,,
2023-02-11,$0.000000000000000000,"$54,461",0.01794398,,
2023-02-10,$0.000000000000000000,"$53,603",0.01804168,,
2023-02-09,$0.000000000000000000,"$61,988",0.018143455,,
2023-02-08,$0.000000000000000000,"$56,811",0.01841961,,
2023-02-07,$0.000000000000000000,"$58,587",0.018740335,,
2023-02-06,$0.000000000000000000,"$56,272",0.018945715,,
2023-02-05,$0.000000000000000000,"$61,242",0.019290235,,
2023-02-04,$0.000000000000000000,"$59,269",0.01923179,,
2023-02-03,$0.000000000000000000,"$62,895",0.018586825,,
2023-02-02,$0.000000000000000000,"$55,365",0.017785235,,
2023-02-01,$0.000000000000000000,"$49,583",0.01737665,,
2023-01-31,$0.000000000000000000,"$54,890",0.017361525,,
2023-01-30,$0.000000000000000000,"$54,675",0.01736743,,
2023-01-29,$0.000000000000000000,"$56,530",0.01735423,,
2023-01-28,$0.000000000000000000,"$49,695",0.017073255,,
2023-01-27,$0.000000000000000000,"$48,339",0.01664785,,
2023-01-26,$0.000000000000000000,"$47,210",0.01639096,,
2023-01-25,$0.000000000000000000,"$46,476",0.016204145,,
2023-01-24,$0.000000000000000000,"$45,619",0.01586462,,
2023-01-23,$0.000000000000000000,"$50,065",0.015658415,,
2023-01-22,$0.000000000000000000,"$50,547",0.015712495,,
2023-01-21,$0.000000000000000000,"$43,855",0.015749305,,
2023-01-20,$0.000000000000000000,"$52,139",0.01578336,,
2023-01-19,$0.000000000000000000,"$46,730",0.01560939,,
2023-01-18,$0.000000000000000000,"$43,185",0.015499155,,
2023-01-17,$0.000000000000000000,"$51,065",0.015536045,,
2023-01-16,$0.000000000000000000,"$47,554",0.015332735,,
2023-01-15,$0.000000000000000000,"$50,665",0.0152361,,
2023-01-14,$0.000000000000000000,"$52,530",0.015234865,,
2023-01-13,$0.000000000000000000,"$41,274",0.015173525,,
2023-01-12,$0.000000000000000000,"$25,148",0.015246795,,
2023-01-11,$0.000000000000000000,"$26,190",0.015311575,,
2023-01-10,$0.000000000000000000,"$30,105",0.01529098,,
2023-01-09,$0.000000000000000000,"$29,192",0.015325715,,
2023-01-08,$0.000000000000000000,"$32,169",0.0154008,,
2023-01-07,$0.000000000000000000,"$26,336",0.015438995,,
2023-01-06,$0.000000000000000000,"$34,196",0.01549735,,
2023-01-05,$0.000000000000000000,"$30,928",0.015586065,,
2023-01-04,$0.000000000000000000,"$31,609",0.01580815,,
2023-01-03,$0.000000000000000000,"$33,813",0.0159941,,
2023-01-02,$0.000000000000000000,"$30,940",0.01604291,,
2023-01-01,$0.000000000000000000,"$26,120",0.016136645,,
2022-12-31,$0.000000000000000000,"$27,473",0.016223125,,
2022-12-30,$0.000000000000000000,"$28,075",0.016243875,,
2022-12-29,$0.000000000000000000,"$34,550",0.01645927,,
2022-12-28,$0.000000000000000000,"$33,149",0.01674684,,
2022-12-27,$0.000000000000000000,"$25,100",0.016818025,,
2022-12-26,$0.000000000000000000,"$34,909",0.0168664,,
2022-12-25,$0.000000000000000000,"$30,809",0.016890015,,
2022-12-24,$0.000000000000000000,"$35,552",0.0168999,,
2022-12-23,$0.000000000000000000,"$28,134",0.01688069,,
2022-12-22,$0.000000000000000000,"$27,658",0.016852865,,
2022-12-21,$0.000000000000000000,"$32,260",0.016782405,,
2022-12-20,$0.000000000000000000,"$40,267",0.017101685,,
2022-12-19,$0.000000000000000000,"$31,550",0.01746339,,
2022-12-18,$0.000000000000000000,"$39,113",0.017456295,,
2022-12-17,$0.000000000000000000,"$38,776",0.017495495,,
2022-12-16,$0.000000000000000000,"$41,327",0.01757124,,
2022-12-15,$0.000000000000000000,"$24,760",0.018093435,,
2022-12-14,$0.000000000000000000,"$39,189",0.018552455,,
2022-12-13,$0.000000000000000000,"$42,401",0.01862651,,
2022-12-12,$0.000000000000000000,"$41,010",0.01869731,,
2022-12-11,$0.000000000000000000,"$28,354",0.018709965,,
2022-12-10,$0.000000000000000000,"$29,821",0.01868353,,
2022-12-09,$0.000000000000000000,"$33,150",0.01882269,,
2022-12-08,$0.000000000000000000,"$38,209",0.01896925,,
2022-12-07,$0.000000000000000000,"$39,476",0.01895907,,
2022-12-06,$0.000000000000000000,"$38,016",0.018997255,,
2022-12-05,$0.000000000000000000,"$29,178",0.019148475,,
2022-12-04,$0.000000000000000000,"$35,942",0.019276455,,
2022-12-03,$0.000000000000000000,"$32,291",0.0193267,,
2022-12-02,$0.000000000000000000,"$30,851",0.01939589,,
2022-12-01,$0.000000000000000000,"$27,019",0.019339145,,
2022-11-30,$0.000000000000000000,"$39,511",0.0191386,,
2022-11-29,$0.000000000000000000,"$44,125",0.019024025,,
2022-11-28,$0.000000000000000000,"$37,345",0.01926675,,
2022-11-27,$0.000000000000000000,"$41,926",0.019479795,,
2022-11-26,$0.000000000000000000,"$46,473",0.019214555,,
2022-11-25,$0.000000000000000000,"$43,478",0.01899328,,
2022-11-24,$0.000000000000000000,"$45,383",0.01896588,,
2022-11-23,$0.000000000000000000,"$58,873",0.018961795,,
2022-11-22,$0.000000000000000000,"$61,981",0.019028095,,
2022-11-21,$0.000000000000000000,"$61,084",0.019149305,,
2022-11-20,$0.000000000000000000,"$59,439",0.01913792,,
2022-11-19,$0.000000000000000000,"$64,793",0.01880858,,
2022-11-18,$0.000000000000000000,"$72,307",0.018561225,,
2022-11-17,$0.000000000000000000,"$79,692",0.01907769,,
2022-11-16,$0.000000000000000000,"$56,846",0.020200045,,
2022-11-15,$0.000000000000000000,"$63,592",0.02096941,,
2022-11-14,$0.000000000000000000,"$70,079",0.02119672,,
2022-11-13,$0.000000000000000000,"$50,084",0.02124152,,
2022-11-12,$0.000000000000000000,"$56,496",0.021275725,,
2022-11-11,$0.000000000000000000,"$64,794",0.02150631,,
2022-11-10,$0.000000000000000000,"$53,665",0.022447445,,
2022-11-09,$0.000000000000000000,"$61,505",0.02330437,,
2022-11-08,$0.000000000000000000,"$34,345",0.02360659,,
2022-11-07,$0.000000000000000000,"$36,081",0.023727055,,
2022-11-06,$0.000000000000000000,"$32,281",0.02363281,,
2022-11-05,$0.000000000000000000,"$47,926",0.023583135,,
2022-11-04,$0.000000000000000000,"$25,467",0.023517145,,
2022-11-03,$0.000000000000000000,"$29,972",0.023483775,,
2022-11-02,$0.000000000000000000,"$33,939",0.02347378,,
2022-11-01,$0.000000000000000000,"$18,069.19",0.02423331,,
2022-10-31,$0.000000000000000000,"$27,313",0.025052125,,
2022-10-30,$0.000000000000000000,"$36,379",0.02537906,,
2022-10-29,$0.000000000000000000,"$30,161",0.0257294,,
2022-10-28,$0.000000000000000000,"$31,519",0.025925385,,
2022-10-27,$0.000000000000000000,"$32,812",0.02637629,,
2022-10-26,$0.000000000000000000,"$44,487",0.027049345,,
2022-10-25,$0.000000000000000000,"$44,425",0.02812518,,
2022-10-24,$0.000000000000000000,"$42,256",0.0291867,,
2022-10-23,$0.000000000000000000,"$20,169",0.029554585,,
2022-10-22,$0.000000000000000000,"$31,556",0.029395615,,
2022-10-21,$0.000000000000000000,"$35,632",0.02873877,,
2022-10-20,$0.000000000000000000,"$34,761",0.028306005,,
2022-10-19,$0.000000000000000000,"$23,164",0.02838683,,
2022-10-18,$0.000000000000000000,"$47,424",0.028228305,,
2022-10-17,$0.000000000000000000,"$31,509",0.028190815,,
2022-10-16,$0.000000000000000000,"$28,240",0.028554555,,
2022-10-15,$0.000000000000000000,"$35,771",0.029142005,,
2022-10-14,$0.000000000000000000,"$38,348",0.02962494,,
2022-10-13,$0.000000000000000000,"$32,523",0.03015858,,
2022-10-12,$0.000000000000000000,"$44,227",0.03050327,,
2022-10-11,$0.000000000000000000,"$40,261",0.030160655,,
2022-10-10,$0.000000000000000000,"$30,014",0.03008929,,
2022-10-09,$0.000000000000000000,"$27,041",0.030342065,,
2022-10-08,$0.000000000000000000,"$25,128",0.03026825,,
2022-10-07,$0.000000000000000000,"$35,449",0.03019824,,
2022-10-06,$0.000000000000000000,"$39,854",0.030200975,,
2022-10-05,$0.000000000000000000,"$37,328",0.030417065,,
2022-10-04,$0.000000000000000000,"$47,493",0.03097111,,
2022-10-03,$0.000000000000000000,"$52,297",0.032236075,,
2022-10-02,$0.000000000000000000,"$34,225",0.03353655,,
2022-10-01,$0.000000000000000000,"$27,827",0.033106385,,
2022-09-30,$0.000000000000000000,"$28,601",0.031821885,,
2022-09-29,$0.000000000000000000,"$30,045",0.030997325,,
2022-09-28,$0.000000000000000000,"$45,263",0.03070982,,
2022-09-27,$0.000000000000000000,"$49,176",0.030493955,,
2022-09-26,$0.000000000000000000,"$35,629",0.030334855,,
2022-09-25,$0.000000000000000000,"$29,369",0.030418915,,
2022-09-24,$0.000000000000000000,"$33,493",0.030320465,,
2022-09-23,$0.000000000000000000,"$35,798",0.030375585,,
2022-09-22,$0.000000000000000000,"$34,403",0.03072305,,
2022-09-21,$0.000000000000000000,"$32,372",0.030949015,,
2022-09-20,$0.000000000000000000,"$29,604",0.031177265,,
2022-09-19,$0.000000000000000000,"$44,622",0.031864275,,
2022-09-18,$0.000000000000000000,"$56,883",0.032983265,,
2022-09-17,$0.000000000000000000,"$55,078",0.033735295,,
2022-09-16,$0.000000000000000000,"$50,262",0.03422005,,
2022-09-15,$0.000000000000000000,"$30,672",0.03490475,,
2022-09-14,$0.000000000000000000,"$41,014",0.035505735,,
2022-09-13,$0.000000000000000000,"$41,427",0.036333945,,
2022-09-12,$0.000000000000000000,"$39,072",0.037192725,,
2022-09-11,$0.000000000000000000,"$39,767",0.03781276,,
2022-09-10,$0.000000000000000000,"$47,449",0.038809605,,
2022-09-09,$0.000000000000000000,"$33,671",0.03917848,,
2022-09-08,$0.000000000000000000,"$45,144",0.03892659,,
2022-09-07,$0.000000000000000000,"$40,799",0.03947351,,
2022-09-06,$0.000000000000000000,"$31,578",0.03949464,,
2022-09-05,$0.000000000000000000,"$24,631",0.038670575,,
2022-09-04,$0.000000000000000000,"$17,773.78",0.038207455,,
2022-09-03,$0.000000000000000000,"$23,270",0.03807043,,
2022-09-02,$0.000000000000000000,"$38,024",0.03802277,,
2022-09-01,$0.000000000000000000,"$28,524",0.03677806,,
2022-08-31,$0.000000000000000000,"$32,617",0.034867745,,
2022-08-30,$0.000000000000000000,"$16,227.57",0.03372514,,
2022-08-29,$0.000000000000000000,"$35,039",0.0331151,,
2022-08-28,$0.000000000000000000,"$17,934.67",0.03234853,,
2022-08-27,$0.000000000000000000,"$37,709",0.0317358,,
2022-08-26,$0.000000000000000000,"$34,360",0.031801375,,
2022-08-25,$0.000000000000000000,"$22,281",0.03198127,,
2022-08-24,$0.000000000000000000,"$19,661.57",0.031511255,,
2022-08-23,$0.000000000000000000,"$19,083.41",0.030889035,,
2022-08-22,$0.000000000000000000,"$19,820.38",0.030994235,,
2022-08-21,$0.000000000000000000,"$25,987",0.031145135,,
2022-08-20,$0.000000000000000000,"$46,227",0.03117217,,
2022-08-19,$0.000000000000000000,"$23,691",0.031487245,,
2022-08-18,$0.000000000000000000,"$25,098",0.03196684,,
2022-08-17,$0.000000000000000000,"$26,369",0.03238969,,
2022-08-16,$0.000000000000000000,"$34,228",0.03274943,,
2022-08-15,$0.000000000000000000,"$19,685.94",0.03285746,,
2022-08-14,$0.000000000000000000,"$34,402",0.03292335,,
2022-08-13,$0.000000000000000000,"$11,843.24",0.03306201,,
2022-08-12,$0.000000000000000000,"$20,937",0.033102565,,
2022-08-11,$0.000000000000000000,"$29,152",0.032979185,,
2022-08-10,$0.000000000000000000,"$84,395",0.03268201,,
2022-08-09,$0.000000000000000000,"$21,387",0.03317418,,
2022-08-08,$0.000000000000000000,"$18,807.63",0.03365642,,
2022-08-07,$0.000000000000000000,"$14,512.22",0.033303895,,
2022-08-06,$0.000000000000000000,"$29,994",0.033379415,,
2022-08-05,$0.000000000000000000,"$20,504",0.03359316,,
2022-08-04,$0.000000000000000000,"$25,528",0.03385514,,
2022-08-03,$0.000000000000000000,"$15,765.05",0.034133725,,
2022-08-02,$0.000000000000000000,"$45,566",0.03418992,,
2022-08-01,$0.000000000000000000,"$15,446.22",0.034940995,,
2022-07-31,$0.000000000000000000,"$19,335.04",0.035764645,,
2022-07-30,$0.000000000000000000,"$13,201.65",0.03549016,,
2022-07-29,$0.000000000000000000,"$19,176.72",0.0350375,,
2022-07-28,$0.000000000000000000,"$32,683",0.034820325,,
2022-07-27,$0.000000000000000000,"$21,186",0.03469105,,
2022-07-26,$0.000000000000000000,"$18,365.66",0.034863345,,
2022-07-25,$0.000000000000000000,"$15,318.45",0.0349212,,
2022-07-24,$0.000000000000000000,"$20,608",0.03489166,,
2022-07-23,$0.000000000000000000,"$27,438",0.03509287,,
2022-07-22,$0.000000000000000000,"$14,227.43",0.035088735,,
2022-07-21,$0.000000000000000000,"$17,961.22",0.03498306,,
2022-07-20,$0.000000000000000000,"$32,975",0.03511808,,
2022-07-19,$0.000000000000000000,"$42,305",0.0351914,,
2022-07-18,$0.000000000000000000,"$15,452.95",0.035326475,,
2022-07-17,$0.000000000000000000,"$20,767",0.03547188,,
2022-07-16,$0.000000000000000000,"$28,490",0.03529965,,
2022-07-15,$0.000000000000000000,"$23,926",0.03517721,,
2022-07-14,$0.000000000000000000,"$22,087",0.035155615,,
2022-07-13,$0.000000000000000000,"$53,315",0.03495322,,
2022-07-12,$0.000000000000000000,"$36,060",0.036648455,,
2022-07-11,$0.000000000000000000,"$22,379",0.039723615,,
2022-07-10,$0.000000000000000000,"$18,248.38",0.041040805,,
2022-07-09,$0.000000000000000000,$180.40,0.04144699,,
2022-07-08,$0.000000000000000000,"$3,621.46",0.04168476,,
2022-07-07,$0.000000000000000000,"$2,350.34",0.041803605,,
2022-07-06,$0.000000000000000000,"$1,481.67",0.04230774,,
2022-07-05,$0.000000000000000000,"$1,424.07",0.0426927,,
2022-07-04,$0.000000000000000000,"$1,171.64",0.042963055,,
2022-07-03,$0.000000000000000000,$280.95,0.043036525,,
2022-07-02,$0.000000000000000000,"$16,117.20",0.04286313,,
2022-07-01,$0.000000000000000000,"$4,562.33",0.041869025,,
2022-06-30,$0.000000000000000000,"$1,688.13",0.041368225,,
2022-06-29,$0.000000000000000000,"$13,222.99",0.04170374,,
2022-06-28,$0.000000000000000000,"$1,496.25",0.040595775,,
2022-06-27,$0.000000000000000000,$773.58,0.039519835,,
2022-06-26,$0.000000000000000000,$579.96,0.039584815,,
2022-06-25,$0.000000000000000000,"$2,672.81",0.039735195,,
2022-06-24,$0.000000000000000000,"$1,010.17",0.040052535,,
2022-06-23,$0.000000000000000000,"$1,998.90",0.04023781,,
2022-06-22,$0.000000000000000000,"$4,436.68",0.040374455,,
2022-06-21,$0.000000000000000000,"$2,125.65",0.04041132,,
2022-06-20,$0.000000000000000000,$577.59,0.040635545,,
2022-06-19,$0.000000000000000000,$415.94,0.04126817,,
2022-06-18,$0.000000000000000000,"$3,516.36",0.04128925,,
2022-06-17,$0.000000000000000000,"$1,155.17",0.04132962,,
2022-06-16,$0.000000000000000000,$938.26,0.041861805,,
2022-06-15,$0.000000000000000000,$92.17,0.041958325,,
2022-06-14,$0.000000000000000000,"$18,179.43",0.04231449,,
2022-06-13,$0.000000000000000000,$292.10,0.04403862,,
2022-06-12,$0.000000000000000000,"$5,363.73",0.045275875,,
2022-06-11,$0.000000000000000000,"$6,759.44",0.04585107,,
2022-06-10,$0.000000000000000000,"$20,485",0.046243675,,
2022-06-09,$0.000000000000000000,"$27,078",0.046201065,,
2022-06-08,$0.000000000000000000,"$23,556",0.04632014,,
2022-06-07,$0.000000000000000000,"$37,611",0.04635337,,
2022-06-06,$0.000000000000000000,"$30,686",0.046211085,,
2022-06-05,$0.000000000000000000,"$29,022",0.046617495,,
2022-06-04,$0.000000000000000000,"$21,584",0.047015645,,
2022-06-03,$0.000000000000000000,"$21,132",0.04723948,,
2022-06-02,$0.000000000000000000,"$21,345",0.04755828,,
2022-06-01,$0.000000000000000000,"$13,731.15",0.04775251,,
2022-05-31,$0.000000000000000000,"$27,920",0.04822953,,
2022-05-30,$0.000000000000000000,"$20,411",0.04853507,,
2022-05-29,$0.000000000000000000,"$15,119.69",0.04878719,,
2022-05-28,$0.000000000000000000,"$5,246.57",0.048490535,,
2022-05-27,$0.000000000000000000,$243.41,0.04830002,,
2022-05-26,$0.000000000000000000,"$1,212.28",0.048703145,,
2022-05-25,$0.000000000000000000,$772.77,0.048830635,,
2022-05-24,$0.000000000000000000,"$4,990.66",0.04911696,,
2022-05-23,$0.000000000000000000,"$2,615.90",0.04955997,,
2022-05-22,$0.000000000000000000,"$1,258.73",0.05001836,,
2022-05-21,$0.000000000000000000,"$1,118.40",0.0506275,,
2022-05-20,$0.000000000000000000,"$4,005.71",0.05116,,
2022-05-19,$0.000000000000000000,"$1,098.13",0.051451,,
2022-05-18,$0.000000000000000000,"$1,428.80",0.051488,,
2022-05-17,$0.000000000000000000,"$6,097.80",0.0515145,,
2022-05-16,$0.000000000000000000,"$12,793.17",0.0520705,,
2022-05-15,$0.000000000000000000,"$2,619.26",0.0535995,,
2022-05-14,$0.000000000000000000,"$19,293.80",0.0552125,,
2022-05-13,$0.000000000000000000,"$22,009",0.054769,,
2022-05-12,$0.000000000000000000,"$47,212",0.0546755,,
2022-05-11,$0.000000000000000000,"$26,742",0.057746,,
2022-05-10,$0.000000000000000000,"$54,429",0.0604235,,
2022-05-09,$0.000000000000000000,"$31,838",0.0613255,,
2022-05-08,$0.000000000000000000,"$36,205",0.0622365,,
2022-05-07,$0.000000000000000000,"$14,488.45",0.064835,,
2022-05-06,$0.000000000000000000,"$26,244",0.066901,,
2022-05-05,$0.000000000000000000,"$37,188",0.067213,,
2022-05-04,$0.000000000000000000,"$26,175",0.0673155,,
2022-05-03,$0.000000000000000000,"$49,478",0.0670485,,
2022-05-02,$0.000000000000000000,"$39,538",0.0672165,,
2022-05-01,$0.000000000000000000,"$13,799.33",0.0675795,,
2022-04-30,$0.000000000000000000,"$14,557.17",0.068419,,
2022-04-29,$0.000000000000000000,"$43,207",0.0693005,,
2022-04-28,$0.000000000000000000,"$34,078",0.070522,,
2022-04-27,$0.000000000000000000,"$25,357",0.072857,,
2022-04-26,$0.000000000000000000,"$31,085",0.0754555,,
2022-04-25,$0.000000000000000000,"$38,392",0.0768995,,
2022-04-24,$0.000000000000000000,"$18,612.61",0.0769115,,
2022-04-23,$0.000000000000000000,"$25,905",0.0769815,,
2022-04-22,$0.000000000000000000,"$18,787.76",0.0771535,,
2022-04-21,$0.000000000000000000,"$27,158",0.0772715,,
2022-04-20,$0.000000000000000000,"$27,888",0.078451,,
2022-04-19,$0.000000000000000000,"$39,783",0.0801755,,
2022-04-18,$0.000000000000000000,"$27,384",0.0814495,,
2022-04-17,$0.000000000000000000,"$39,134",0.0823115,,
2022-04-16,$0.000000000000000000,"$18,206.12",0.0828735,,
2022-04-15,$0.000000000000000000,"$33,125",0.0836465,,
2022-04-14,$0.000000000000000000,"$32,674",0.0844485,,
2022-04-13,$0.000000000000000000,"$36,746",0.0844625,,
2022-04-12,$0.000000000000000000,"$47,994",0.08503,,
2022-04-11,$0.000000000000000000,"$45,951",0.0876425,,
2022-04-10,$0.000000000000000000,"$50,521",0.090478,,
2022-04-09,$0.000000000000000000,"$185,001",0.095264,,
2022-04-08,$0.000000000000000000,"$37,317",0.0935765,,
2022-04-07,$0.000000000000000000,"$36,480",0.087593,,
2022-04-06,$0.000000000000000000,"$26,911",0.0863025,,
2022-04-05,$0.000000000000000000,"$33,591",0.0854655,,
2022-04-04,$0.000000000000000000,"$32,771",0.0852415,,
2022-04-03,$0.000000000000000000,"$7,735.46",0.0854375,,
2022-04-02,$0.000000000000000000,"$11,444.48",0.085766,,
2022-04-01,$0.000000000000000000,"$18,918.54",0.085788,,
2022-03-31,$0.000000000000000000,"$24,327",0.086297,,
2022-03-30,$0.000000000000000000,"$21,576",0.0906815,,
2022-03-29,$0.000000000000000000,"$49,117",0.095174,,
2022-03-28,$0.000000000000000000,"$40,363",0.095339,,
2022-03-27,$0.000000000000000000,"$31,064",0.0963015,,
2022-03-26,$0.000000000000000000,"$51,534",0.0984785,,
2022-03-25,$0.000000000000000000,"$42,452",0.1006005,,
2022-03-24,$0.000000000000000000,"$41,829",0.1036755,,
2022-03-23,$0.000000000000000000,"$32,115",0.106073,,
2022-03-22,$0.000000000000000000,"$36,222",0.105788,,
2022-03-21,$0.000000000000000000,"$21,780",0.106017,,
2022-03-20,$0.000000000000000000,"$28,662",0.1072025,,
2022-03-19,$0.000000000000000000,"$53,167",0.10724,,
2022-03-18,$0.000000000000000000,"$34,900",0.1082735,,
2022-03-17,$0.000000000000000000,"$41,576",0.109168,,
2022-03-16,$0.000000000000000000,"$52,673",0.10963,,
2022-03-15,$0.000000000000000000,"$29,506",0.113405,,
2022-03-14,$0.000000000000000000,"$43,971",0.118075,,
2022-03-13,$0.000000000000000000,"$25,634",0.1204105,,
2022-03-12,$0.000000000000000000,"$95,200",0.122189,,
2022-03-11,$0.000000000000000000,"$37,633",0.1239465,,
2022-03-10,$0.000000000000000000,"$46,571",0.126721,,
2022-03-09,$0.000000000000000000,"$33,802",0.128311,,
2022-03-08,$0.000000000000000000,"$44,087",0.1306195,,
2022-03-07,$0.000000000000000000,"$29,222",0.133643,,
2022-03-06,$0.000000000000000000,"$22,008",0.1355565,,
2022-03-05,$0.000000000000000000,"$62,356",0.1367965,,
2022-03-04,$0.000000000000000000,"$52,571",0.1402875,,
2022-03-03,$0.000000000000000000,"$46,065",0.1478635,,
2022-03-02,$0.000000000000000000,"$33,230",0.1494885,,
2022-03-01,$0.000000000000000000,"$26,704",0.1460025,,
2022-02-28,$0.000000000000000000,"$44,480",0.1447045,,
2022-02-27,$0.000000000000000000,"$18,572.98",0.1467415,,
2022-02-26,$0.000000000000000000,"$43,114",0.149547,,
2022-02-25,$0.000000000000000000,"$56,599",0.1461805,,
2022-02-24,$0.000000000000000000,"$44,809",0.1486185,,
2022-02-23,$0.000000000000000000,"$25,637",0.1522555,,
2022-02-22,$0.000000000000000000,"$75,648",0.149903,,
2022-02-21,$0.000000000000000000,"$54,909",0.1540065,,
2022-02-20,$0.000000000000000000,"$43,644",0.158831,,
2022-02-19,$0.000000000000000000,"$80,471",0.15974,,
2022-02-18,$0.000000000000000000,"$116,222",0.162629,,
2022-02-17,$0.000000000000000000,"$81,207",0.1765265,,
2022-02-16,$0.000000000000000000,"$96,423",0.1863595,,
2022-02-15,$0.000000000000000000,"$76,910",0.177734,,
2022-02-14,$0.000000000000000000,"$41,589",0.1733615,,
2022-02-13,$0.000000000000000000,"$41,505",0.178099,,
2022-02-12,$0.000000000000000000,"$95,964",0.1800005,,
2022-02-11,$0.000000000000000000,"$28,059",0.1786925,,
2022-02-10,$0.000000000000000000,"$33,843",0.178318,,
2022-02-09,$0.000000000000000000,"$141,831",0.1825455,,
2022-02-08,$0.000000000000000000,"$165,997",0.1848475,,
2022-02-07,$0.000000000000000000,"$41,035",0.191448,,
2022-02-06,$0.000000000000000000,"$67,109",0.20319,,
2022-02-05,$0.000000000000000000,"$84,258",0.20582,,
2022-02-04,$0.000000000000000000,"$66,703",0.200954,,
2022-02-03,$0.000000000000000000,"$131,449",0.201531,,
2022-02-02,$0.000000000000000000,"$148,180",0.2099425,,
2022-02-01,$0.000000000000000000,"$84,362",0.198888,,
2022-01-31,$0.000000000000000000,"$67,566",0.18898,,
2022-01-30,$0.000000000000000000,"$86,688",0.202014,,
2022-01-29,$0.000000000000000000,"$100,620",0.211469,,
2022-01-28,$0.000000000000000000,"$119,110",0.2061905,,
2022-01-27,$0.000000000000000000,"$180,486",0.2126655,,
2022-01-26,$0.000000000000000000,"$160,642",0.222652,,
2022-01-25,$0.000000000000000000,"$326,465",0.2252645,,
2022-01-24,$0.000000000000000000,"$376,800",0.248,,
2022-01-23,$0.000000000000000000,"$423,746",0.2609955,,
2022-01-22,$0.000000000000000000,"$1,688,309",0.274457,,
2022-01-21,$0.000000000000000000,"$5,263,106",0.3699155,,
2022-01-20,$0.000000000000000000,"$553,384",0.3502515,,
2022-01-19,$0.000000000000000000,"$644,554",0.2185725,,
2022-01-18,$0.000000000000000000,"$2,723,643",0.2117605,,
2022-01-17,$0.000000000000000000,"$2,723,643",0.237676,,
